t_ms,z_mm
0.0,3.7
9.9,4.0
19.8,4.9
29.7,6.9
39.6,9.7
49.6,12.8
59.5,15.6
69.4,17.4
79.3,18.0
89.2,18.1
99.1,18.2
109.0,17.8
118.9,16.4
128.9,14.1
138.8,11.5
148.7,9.0
158.6,7.2
168.5,6.7
178.4,7.3
188.3,8.8
198.2,10.7
208.2,12.6
218.1,14.3
228.0,15.6
237.9,16.2
247.8,16.3
257.7,15.8
267.6,14.8
277.5,13.5
287.4,11.9
297.4,10.4
307.3,9.3
317.2,8.7
327.1,8.7
337.0,9.2
346.9,10.2
356.8,11.4
366.7,12.4
376.7,13.2
386.6,13.6
396.5,13.7
406.4,13.3
416.3,12.7
426.2,11.8
436.1,10.9
446.0,10.1
456.0,9.6
465.9,9.4
475.8,9.6
485.7,10.1
495.6,10.8
505.5,11.6
515.4,12.2
525.3,12.7
535.2,13.0
545.2,12.9
555.1,12.7
565.0,12.2
574.9,11.6
584.8,11.0
594.7,10.4
604.6,10.0
614.5,9.9
624.5,10.0
634.4,10.3
644.3,10.8
654.2,11.3
664.1,11.7
674.0,12.1
683.9,12.3
693.8,12.3
703.8,12.2
713.7,12.0
723.6,11.6
733.5,11.3
743.4,11.0
753.3,10.8
763.2,10.7
773.1,10.8
783.0,10.9
793.0,11.2
802.9,11.5
812.8,11.7
822.7,11.9
832.6,12.0
842.5,11.9
852.4,11.8
862.3,11.7
872.3,11.4
882.2,11.2
892.1,11.1
902.0,11.0
911.9,11.0
921.8,11.1
931.7,11.2
941.6,11.4
951.6,11.6
961.5,11.7
971.4,11.8
981.3,11.8
991.2,11.8
1001.1,11.7
1011.0,11.5
1020.9,11.4
1030.8,11.2
1040.8,11.1
1050.7,11.0
1060.6,11.0
1070.5,11.0
1080.4,11.1
1090.3,11.2
1100.2,11.3
1110.1,11.4
1120.1,11.5
1130.0,11.5
1139.9,11.5
1149.8,11.5
1159.7,11.4
1169.6,11.3
1179.5,11.2
1189.4,11.1
1199.4,11.1
1209.3,11.1
1219.2,11.1
1229.1,11.2
1239.0,11.2
1248.9,11.3
1258.8,11.4
1268.7,11.4
1278.6,11.4
1288.6,11.4
1298.5,11.3
1308.4,11.3
1318.3,11.3
1328.2,11.2
1338.1,11.2
1348.0,11.2
1357.9,11.2
1367.9,11.3
1377.8,11.3
1387.7,11.3
1397.6,11.4
1407.5,11.4
1417.4,11.4
1427.3,11.4
1437.2,11.4
1447.2,11.4
1457.1,11.4
1467.0,11.3
1476.9,11.3
1486.8,11.3
1496.7,11.3
1506.6,11.3
1516.5,11.3
1526.4,11.3
1536.4,11.3
1546.3,11.4
1556.2,11.4
1566.1,11.4
1576.0,11.4
1585.9,11.4
1595.8,11.4
1605.7,11.4
1615.7,11.4
1625.6,11.3
1635.5,11.3
1645.4,11.3
1655.3,11.3
1665.2,11.3
1675.1,11.3
1685.0,11.3
1694.9,11.3
1704.9,11.3
1714.8,11.4
