t_s,T_core_degC,T_disc_degC,I_rms_A
0.00,19.98,19.97,4.997
10.00,20.92,20.16,4.955
20.00,21.66,20.32,4.993
30.00,22.40,20.57,5.035
40.00,23.22,20.72,4.978
50.00,23.69,20.91,5.039
60.00,24.54,21.02,5.016
70.00,24.98,21.15,5.015
80.00,25.98,21.33,5.011
90.00,26.52,21.64,4.967
100.00,27.17,21.45,4.921
110.00,27.58,21.69,5.026
120.00,28.34,21.80,5.025
130.00,28.64,22.12,4.991
140.00,29.34,22.40,5.019
150.00,29.89,22.52,5.014
160.00,30.24,22.46,4.986
170.00,30.89,22.67,5.070
180.00,31.16,22.68,5.023
190.00,31.94,23.05,5.025
200.00,32.38,23.09,4.957
210.00,32.51,23.38,4.957
220.00,33.00,23.41,4.991
230.00,33.49,23.58,5.070
240.00,33.86,23.53,4.983
250.00,34.01,23.89,4.983
260.00,34.48,23.98,4.978
270.00,34.79,23.71,4.968
280.00,35.08,24.16,5.036
290.00,35.49,24.26,5.005
300.00,35.97,24.46,5.008
310.00,35.95,24.58,5.011
320.00,36.58,24.55,5.059
330.00,36.62,24.90,5.003
340.00,36.87,24.60,4.995
350.00,37.43,25.00,5.021
360.00,37.11,25.08,5.017
370.00,37.63,24.98,5.000
380.00,38.21,25.02,4.987
390.00,38.39,25.21,4.989
400.00,38.42,25.19,5.007
410.00,38.44,25.60,5.000
420.00,39.18,25.61,5.041
430.00,38.84,25.64,5.010
440.00,39.49,25.50,5.030
450.00,39.51,26.07,5.021
460.00,39.61,25.85,4.963
470.00,39.81,25.98,5.061
480.00,39.86,26.15,4.953
490.00,40.06,26.22,5.025
500.00,40.50,26.26,4.966
510.00,40.50,26.42,5.015
520.00,40.48,26.60,5.003
530.00,40.83,26.70,5.018
540.00,40.91,26.91,5.007
550.00,40.96,26.68,5.044
560.00,41.15,26.81,5.036
570.00,41.18,26.55,5.009
580.00,41.42,26.79,5.026
590.00,41.59,26.81,5.016
600.00,41.59,26.80,5.014
610.00,41.72,26.98,5.016
620.00,41.91,27.08,5.012
630.00,42.09,27.12,5.011
640.00,42.04,27.64,4.944
650.00,42.24,27.32,4.997
660.00,42.52,27.43,5.067
670.00,42.25,27.54,4.985
680.00,42.30,27.56,4.992
690.00,42.52,27.30,5.060
700.00,42.55,27.94,4.970
710.00,42.70,28.21,4.974
720.00,42.51,27.71,5.014
730.00,42.91,28.04,4.992
740.00,42.64,27.84,5.037
750.00,43.02,27.67,4.999
760.00,43.22,28.34,5.017
770.00,43.13,27.89,4.975
780.00,43.15,28.20,5.017
790.00,43.13,28.00,4.977
800.00,43.09,28.32,4.931
810.00,43.27,28.35,5.046
820.00,43.39,28.48,4.988
830.00,43.32,28.28,5.046
840.00,43.63,28.50,5.100
850.00,43.52,28.57,5.009
860.00,43.54,28.87,5.045
870.00,43.41,28.51,5.013
880.00,43.79,28.41,4.932
890.00,43.43,28.65,4.997
900.00,43.81,28.59,4.963
910.00,43.49,28.79,5.011
920.00,43.98,28.91,4.994
930.00,44.08,28.81,4.980
940.00,43.83,28.78,4.935
950.00,43.97,28.95,4.989
960.00,43.87,29.01,5.052
970.00,44.02,28.91,4.982
980.00,44.04,28.84,4.996
990.00,44.09,29.34,5.028
1000.00,44.26,29.00,5.020
1010.00,43.97,29.19,5.013
1020.00,44.05,29.48,5.017
1030.00,43.91,29.30,4.988
1040.00,44.22,29.32,5.012
1050.00,43.94,29.11,5.023
1060.00,44.46,29.60,5.054
1070.00,43.99,29.47,4.943
1080.00,44.56,29.42,4.966
1090.00,44.64,29.51,4.943
1100.00,44.40,29.34,5.003
1110.00,44.31,29.69,4.957
1120.00,44.45,29.78,4.975
1130.00,44.45,29.57,4.979
1140.00,44.54,29.59,4.972
1150.00,44.72,29.72,4.995
1160.00,44.38,29.51,5.037
1170.00,44.47,29.73,4.994
1180.00,44.60,29.67,5.023
1190.00,44.50,29.84,5.020
1200.00,44.52,29.61,4.972
1210.00,44.45,29.62,5.026
1220.00,44.56,30.03,5.068
1230.00,44.59,29.59,4.989
1240.00,44.59,29.63,4.992
1250.00,44.66,29.81,4.977
1260.00,44.51,30.17,4.995
1270.00,44.51,29.87,5.029
1280.00,44.55,30.02,5.022
1290.00,44.77,30.18,4.983
1300.00,44.84,29.88,4.988
1310.00,44.86,30.14,5.000
1320.00,44.51,30.12,4.981
1330.00,44.56,29.97,5.007
1340.00,44.39,30.14,5.005
1350.00,44.63,30.26,5.018
1360.00,44.64,30.03,5.021
1370.00,44.51,30.10,4.981
1380.00,44.76,30.20,5.001
1390.00,44.93,30.22,4.991
1400.00,44.58,30.32,5.016
1410.00,44.99,30.12,5.001
1420.00,44.77,30.24,5.000
1430.00,44.53,30.39,5.020
1440.00,44.96,30.62,4.990
1450.00,44.80,30.31,5.058
1460.00,44.55,30.40,4.956
1470.00,44.43,30.04,4.959
1480.00,44.98,30.23,4.993
1490.00,44.65,30.47,4.967
1500.00,45.03,30.24,4.977
1510.00,44.86,30.41,5.043
1520.00,44.86,30.24,4.983
1530.00,44.76,30.55,5.012
1540.00,44.83,30.59,4.984
1550.00,44.84,30.50,5.046
1560.00,44.85,30.44,4.969
1570.00,44.97,30.42,5.010
1580.00,44.59,30.68,4.960
1590.00,44.76,30.69,4.960
1600.00,44.87,30.56,4.970
1610.00,45.08,30.79,4.941
1620.00,44.67,30.70,4.961
1630.00,44.83,30.61,5.021
1640.00,44.86,30.62,4.977
1650.00,45.09,30.54,5.010
1660.00,44.82,30.65,4.995
1670.00,44.88,30.49,5.024
1680.00,45.12,30.69,5.022
1690.00,45.04,30.81,5.009
1700.00,44.95,30.81,5.002
1710.00,44.77,30.70,4.943
1720.00,44.92,30.77,5.037
1730.00,44.94,30.86,5.000
1740.00,44.77,30.52,4.971
1750.00,44.72,30.84,4.994
1760.00,45.01,30.76,5.031
1770.00,45.09,30.67,4.992
1780.00,44.85,30.53,5.020
1790.00,45.11,30.78,4.985
1800.00,45.10,30.44,5.005
